IDX,dataset,corruption,severity,fileindex,filename,label,filepath,binarylabel,binarylabel_num,clean_filepath,clean_label
1152,MRI,motion,strong,Tr-pi_0066,Tr-pi_0066_Motion_strong.png,brain tumor,C:\Users\hanna\Lectures\Research_Project\Codes\Dataset\vlm_prompt_dataset\pg_last\Benchmarks\MRI\Motion\strong\brain tumor\Tr-pi_0066_Motion_strong.png,1,1,C:\Users\hanna\Lectures\Research_Project\Codes\Dataset\vlm_prompt_dataset\pg_last\Benchmarks\MRI\original images\brain tumor\Tr-pi_0066.jpg,1
1393,MRI,motion,weak,Tr-pi_0155,Tr-pi_0155_Motion_weak.png,brain tumor,C:\Users\hanna\Lectures\Research_Project\Codes\Dataset\vlm_prompt_dataset\pg_last\Benchmarks\MRI\Motion\weak\brain tumor\Tr-pi_0155_Motion_weak.png,1,1,C:\Users\hanna\Lectures\Research_Project\Codes\Dataset\vlm_prompt_dataset\pg_last\Benchmarks\MRI\original images\brain tumor\Tr-pi_0155.jpg,1
1052,MRI,crop,weak,Tr-no_0105,Tr-no_0105_Crop_weak.png,normal,C:\Users\hanna\Lectures\Research_Project\Codes\Dataset\vlm_prompt_dataset\pg_last\Benchmarks\MRI\Crop\weak\normal\Tr-no_0105_Crop_weak.png,0,0,C:\Users\hanna\Lectures\Research_Project\Codes\Dataset\vlm_prompt_dataset\pg_last\Benchmarks\MRI\original images\normal\Tr-no_0105.jpg,0
752,MRI,crop,strong,Tr-pi_0066,Tr-pi_0066_Crop_strong.png,brain tumor,C:\Users\hanna\Lectures\Research_Project\Codes\Dataset\vlm_prompt_dataset\pg_last\Benchmarks\MRI\Crop\strong\brain tumor\Tr-pi_0066_Crop_strong.png,1,1,C:\Users\hanna\Lectures\Research_Project\Codes\Dataset\vlm_prompt_dataset\pg_last\Benchmarks\MRI\original images\brain tumor\Tr-pi_0066.jpg,1
993,MRI,crop,weak,Tr-pi_0155,Tr-pi_0155_Crop_weak.png,brain tumor,C:\Users\hanna\Lectures\Research_Project\Codes\Dataset\vlm_prompt_dataset\pg_last\Benchmarks\MRI\Crop\weak\brain tumor\Tr-pi_0155_Crop_weak.png,1,1,C:\Users\hanna\Lectures\Research_Project\Codes\Dataset\vlm_prompt_dataset\pg_last\Benchmarks\MRI\original images\brain tumor\Tr-pi_0155.jpg,1
2452,MRI,rotate,weak,Tr-no_0105,Tr-no_0105_Rotate_weak.png,normal,C:\Users\hanna\Lectures\Research_Project\Codes\Dataset\vlm_prompt_dataset\pg_last\Benchmarks\MRI\Rotate\weak\normal\Tr-no_0105_Rotate_weak.png,0,0,C:\Users\hanna\Lectures\Research_Project\Codes\Dataset\vlm_prompt_dataset\pg_last\Benchmarks\MRI\original images\normal\Tr-no_0105.jpg,0
1652,MRI,noise,strong,Tr-no_0105,Tr-no_0105_Noise_strong.png,normal,C:\Users\hanna\Lectures\Research_Project\Codes\Dataset\vlm_prompt_dataset\pg_last\Benchmarks\MRI\Noise\strong\normal\Tr-no_0105_Noise_strong.png,0,0,C:\Users\hanna\Lectures\Research_Project\Codes\Dataset\vlm_prompt_dataset\pg_last\Benchmarks\MRI\original images\normal\Tr-no_0105.jpg,0
1752,MRI,noise,weak,Tr-pi_0066,Tr-pi_0066_Noise_weak.png,brain tumor,C:\Users\hanna\Lectures\Research_Project\Codes\Dataset\vlm_prompt_dataset\pg_last\Benchmarks\MRI\Noise\weak\brain tumor\Tr-pi_0066_Noise_weak.png,1,1,C:\Users\hanna\Lectures\Research_Project\Codes\Dataset\vlm_prompt_dataset\pg_last\Benchmarks\MRI\original images\brain tumor\Tr-pi_0066.jpg,1
1452,MRI,motion,weak,Tr-no_0105,Tr-no_0105_Motion_weak.png,normal,C:\Users\hanna\Lectures\Research_Project\Codes\Dataset\vlm_prompt_dataset\pg_last\Benchmarks\MRI\Motion\weak\normal\Tr-no_0105_Motion_weak.png,0,0,C:\Users\hanna\Lectures\Research_Project\Codes\Dataset\vlm_prompt_dataset\pg_last\Benchmarks\MRI\original images\normal\Tr-no_0105.jpg,0
1852,MRI,noise,weak,Tr-no_0105,Tr-no_0105_Noise_weak.png,normal,C:\Users\hanna\Lectures\Research_Project\Codes\Dataset\vlm_prompt_dataset\pg_last\Benchmarks\MRI\Noise\weak\normal\Tr-no_0105_Noise_weak.png,0,0,C:\Users\hanna\Lectures\Research_Project\Codes\Dataset\vlm_prompt_dataset\pg_last\Benchmarks\MRI\original images\normal\Tr-no_0105.jpg,0
352,MRI,biasfield,strong,Tr-pi_0066,Tr-pi_0066_BiasField_strong.png,brain tumor,C:\Users\hanna\Lectures\Research_Project\Codes\Dataset\vlm_prompt_dataset\pg_last\Benchmarks\MRI\BiasField\strong\brain tumor\Tr-pi_0066_BiasField_strong.png,1,1,C:\Users\hanna\Lectures\Research_Project\Codes\Dataset\vlm_prompt_dataset\pg_last\Benchmarks\MRI\original images\brain tumor\Tr-pi_0066.jpg,1
2352,MRI,rotate,weak,Tr-pi_0066,Tr-pi_0066_Rotate_weak.png,brain tumor,C:\Users\hanna\Lectures\Research_Project\Codes\Dataset\vlm_prompt_dataset\pg_last\Benchmarks\MRI\Rotate\weak\brain tumor\Tr-pi_0066_Rotate_weak.png,1,1,C:\Users\hanna\Lectures\Research_Project\Codes\Dataset\vlm_prompt_dataset\pg_last\Benchmarks\MRI\original images\brain tumor\Tr-pi_0066.jpg,1
1252,MRI,motion,strong,Tr-no_0105,Tr-no_0105_Motion_strong.png,normal,C:\Users\hanna\Lectures\Research_Project\Codes\Dataset\vlm_prompt_dataset\pg_last\Benchmarks\MRI\Motion\strong\normal\Tr-no_0105_Motion_strong.png,0,0,C:\Users\hanna\Lectures\Research_Project\Codes\Dataset\vlm_prompt_dataset\pg_last\Benchmarks\MRI\original images\normal\Tr-no_0105.jpg,0
552,MRI,biasfield,weak,Tr-pi_0066,Tr-pi_0066_BiasField_weak.png,brain tumor,C:\Users\hanna\Lectures\Research_Project\Codes\Dataset\vlm_prompt_dataset\pg_last\Benchmarks\MRI\BiasField\weak\brain tumor\Tr-pi_0066_BiasField_weak.png,1,1,C:\Users\hanna\Lectures\Research_Project\Codes\Dataset\vlm_prompt_dataset\pg_last\Benchmarks\MRI\original images\brain tumor\Tr-pi_0066.jpg,1
852,MRI,crop,strong,Tr-no_0105,Tr-no_0105_Crop_strong.png,normal,C:\Users\hanna\Lectures\Research_Project\Codes\Dataset\vlm_prompt_dataset\pg_last\Benchmarks\MRI\Crop\strong\normal\Tr-no_0105_Crop_strong.png,0,0,C:\Users\hanna\Lectures\Research_Project\Codes\Dataset\vlm_prompt_dataset\pg_last\Benchmarks\MRI\original images\normal\Tr-no_0105.jpg,0
1893,MRI,noise,weak,Tr-no_0188,Tr-no_0188_Noise_weak.png,normal,C:\Users\hanna\Lectures\Research_Project\Codes\Dataset\vlm_prompt_dataset\pg_last\Benchmarks\MRI\Noise\weak\normal\Tr-no_0188_Noise_weak.png,0,0,C:\Users\hanna\Lectures\Research_Project\Codes\Dataset\vlm_prompt_dataset\pg_last\Benchmarks\MRI\original images\normal\Tr-no_0188.jpg,0
452,MRI,biasfield,strong,Tr-no_0105,Tr-no_0105_BiasField_strong.png,normal,C:\Users\hanna\Lectures\Research_Project\Codes\Dataset\vlm_prompt_dataset\pg_last\Benchmarks\MRI\BiasField\strong\normal\Tr-no_0105_BiasField_strong.png,0,0,C:\Users\hanna\Lectures\Research_Project\Codes\Dataset\vlm_prompt_dataset\pg_last\Benchmarks\MRI\original images\normal\Tr-no_0105.jpg,0
1093,MRI,crop,weak,Tr-no_0188,Tr-no_0188_Crop_weak.png,normal,C:\Users\hanna\Lectures\Research_Project\Codes\Dataset\vlm_prompt_dataset\pg_last\Benchmarks\MRI\Crop\weak\normal\Tr-no_0188_Crop_weak.png,0,0,C:\Users\hanna\Lectures\Research_Project\Codes\Dataset\vlm_prompt_dataset\pg_last\Benchmarks\MRI\original images\normal\Tr-no_0188.jpg,0
1352,MRI,motion,weak,Tr-pi_0066,Tr-pi_0066_Motion_weak.png,brain tumor,C:\Users\hanna\Lectures\Research_Project\Codes\Dataset\vlm_prompt_dataset\pg_last\Benchmarks\MRI\Motion\weak\brain tumor\Tr-pi_0066_Motion_weak.png,1,1,C:\Users\hanna\Lectures\Research_Project\Codes\Dataset\vlm_prompt_dataset\pg_last\Benchmarks\MRI\original images\brain tumor\Tr-pi_0066.jpg,1
652,MRI,biasfield,weak,Tr-no_0105,Tr-no_0105_BiasField_weak.png,normal,C:\Users\hanna\Lectures\Research_Project\Codes\Dataset\vlm_prompt_dataset\pg_last\Benchmarks\MRI\BiasField\weak\normal\Tr-no_0105_BiasField_weak.png,0,0,C:\Users\hanna\Lectures\Research_Project\Codes\Dataset\vlm_prompt_dataset\pg_last\Benchmarks\MRI\original images\normal\Tr-no_0105.jpg,0
2252,MRI,rotate,strong,Tr-no_0105,Tr-no_0105_Rotate_strong.png,normal,C:\Users\hanna\Lectures\Research_Project\Codes\Dataset\vlm_prompt_dataset\pg_last\Benchmarks\MRI\Rotate\strong\normal\Tr-no_0105_Rotate_strong.png,0,0,C:\Users\hanna\Lectures\Research_Project\Codes\Dataset\vlm_prompt_dataset\pg_last\Benchmarks\MRI\original images\normal\Tr-no_0105.jpg,0
952,MRI,crop,weak,Tr-pi_0066,Tr-pi_0066_Crop_weak.png,brain tumor,C:\Users\hanna\Lectures\Research_Project\Codes\Dataset\vlm_prompt_dataset\pg_last\Benchmarks\MRI\Crop\weak\brain tumor\Tr-pi_0066_Crop_weak.png,1,1,C:\Users\hanna\Lectures\Research_Project\Codes\Dataset\vlm_prompt_dataset\pg_last\Benchmarks\MRI\original images\brain tumor\Tr-pi_0066.jpg,1
2152,MRI,rotate,strong,Tr-pi_0066,Tr-pi_0066_Rotate_strong.png,brain tumor,C:\Users\hanna\Lectures\Research_Project\Codes\Dataset\vlm_prompt_dataset\pg_last\Benchmarks\MRI\Rotate\strong\brain tumor\Tr-pi_0066_Rotate_strong.png,1,1,C:\Users\hanna\Lectures\Research_Project\Codes\Dataset\vlm_prompt_dataset\pg_last\Benchmarks\MRI\original images\brain tumor\Tr-pi_0066.jpg,1
1552,MRI,noise,strong,Tr-pi_0066,Tr-pi_0066_Noise_strong.png,brain tumor,C:\Users\hanna\Lectures\Research_Project\Codes\Dataset\vlm_prompt_dataset\pg_last\Benchmarks\MRI\Noise\strong\brain tumor\Tr-pi_0066_Noise_strong.png,1,1,C:\Users\hanna\Lectures\Research_Project\Codes\Dataset\vlm_prompt_dataset\pg_last\Benchmarks\MRI\original images\brain tumor\Tr-pi_0066.jpg,1
2393,MRI,rotate,weak,Tr-pi_0155,Tr-pi_0155_Rotate_weak.png,brain tumor,C:\Users\hanna\Lectures\Research_Project\Codes\Dataset\vlm_prompt_dataset\pg_last\Benchmarks\MRI\Rotate\weak\brain tumor\Tr-pi_0155_Rotate_weak.png,1,1,C:\Users\hanna\Lectures\Research_Project\Codes\Dataset\vlm_prompt_dataset\pg_last\Benchmarks\MRI\original images\brain tumor\Tr-pi_0155.jpg,1
4452,OCT,rotate,strong,DME-30521-33,DME-30521-33_Rotate_strong.png,retinal diseases,C:\Users\hanna\Lectures\Research_Project\Codes\Dataset\vlm_prompt_dataset\pg_last\Benchmarks\OCT\Rotate\strong\retinal diseases\DME-30521-33_Rotate_strong.png,1,1,C:\Users\hanna\Lectures\Research_Project\Codes\Dataset\vlm_prompt_dataset\pg_last\Benchmarks\OCT\original images\retinal diseases\DME-30521-33.jpeg,1
4352,OCT,rotate,strong,NORMAL-37503-6,NORMAL-37503-6_Rotate_strong.png,normal,C:\Users\hanna\Lectures\Research_Project\Codes\Dataset\vlm_prompt_dataset\pg_last\Benchmarks\OCT\Rotate\strong\normal\NORMAL-37503-6_Rotate_strong.png,0,0,C:\Users\hanna\Lectures\Research_Project\Codes\Dataset\vlm_prompt_dataset\pg_last\Benchmarks\OCT\original images\normal\NORMAL-37503-6.jpeg,0
3693,OCT,motion,weak,DRUSEN-95633-1,DRUSEN-95633-1_Motion_weak.png,retinal diseases,C:\Users\hanna\Lectures\Research_Project\Codes\Dataset\vlm_prompt_dataset\pg_last\Benchmarks\OCT\Motion\weak\retinal diseases\DRUSEN-95633-1_Motion_weak.png,1,1,C:\Users\hanna\Lectures\Research_Project\Codes\Dataset\vlm_prompt_dataset\pg_last\Benchmarks\OCT\original images\retinal diseases\DRUSEN-95633-1.jpeg,1
4552,OCT,rotate,weak,NORMAL-37503-6,NORMAL-37503-6_Rotate_weak.png,normal,C:\Users\hanna\Lectures\Research_Project\Codes\Dataset\vlm_prompt_dataset\pg_last\Benchmarks\OCT\Rotate\weak\normal\NORMAL-37503-6_Rotate_weak.png,0,0,C:\Users\hanna\Lectures\Research_Project\Codes\Dataset\vlm_prompt_dataset\pg_last\Benchmarks\OCT\original images\normal\NORMAL-37503-6.jpeg,0
3593,OCT,motion,weak,NORMAL-9251-10,NORMAL-9251-10_Motion_weak.png,normal,C:\Users\hanna\Lectures\Research_Project\Codes\Dataset\vlm_prompt_dataset\pg_last\Benchmarks\OCT\Motion\weak\normal\NORMAL-9251-10_Motion_weak.png,0,0,C:\Users\hanna\Lectures\Research_Project\Codes\Dataset\vlm_prompt_dataset\pg_last\Benchmarks\OCT\original images\normal\NORMAL-9251-10.jpeg,0
4052,OCT,noise,weak,DME-30521-33,DME-30521-33_Noise_weak.png,retinal diseases,C:\Users\hanna\Lectures\Research_Project\Codes\Dataset\vlm_prompt_dataset\pg_last\Benchmarks\OCT\Noise\weak\retinal diseases\DME-30521-33_Noise_weak.png,1,1,C:\Users\hanna\Lectures\Research_Project\Codes\Dataset\vlm_prompt_dataset\pg_last\Benchmarks\OCT\original images\retinal diseases\DME-30521-33.jpeg,1
3952,OCT,noise,weak,NORMAL-37503-6,NORMAL-37503-6_Noise_weak.png,normal,C:\Users\hanna\Lectures\Research_Project\Codes\Dataset\vlm_prompt_dataset\pg_last\Benchmarks\OCT\Noise\weak\normal\NORMAL-37503-6_Noise_weak.png,0,0,C:\Users\hanna\Lectures\Research_Project\Codes\Dataset\vlm_prompt_dataset\pg_last\Benchmarks\OCT\original images\normal\NORMAL-37503-6.jpeg,0
2952,OCT,crop,strong,NORMAL-37503-6,NORMAL-37503-6_Crop_strong.png,normal,C:\Users\hanna\Lectures\Research_Project\Codes\Dataset\vlm_prompt_dataset\pg_last\Benchmarks\OCT\Crop\strong\normal\NORMAL-37503-6_Crop_strong.png,0,0,C:\Users\hanna\Lectures\Research_Project\Codes\Dataset\vlm_prompt_dataset\pg_last\Benchmarks\OCT\original images\normal\NORMAL-37503-6.jpeg,0
2552,OCT,biasfield,strong,NORMAL-37503-6,NORMAL-37503-6_BiasField_strong.png,normal,C:\Users\hanna\Lectures\Research_Project\Codes\Dataset\vlm_prompt_dataset\pg_last\Benchmarks\OCT\BiasField\strong\normal\NORMAL-37503-6_BiasField_strong.png,0,0,C:\Users\hanna\Lectures\Research_Project\Codes\Dataset\vlm_prompt_dataset\pg_last\Benchmarks\OCT\original images\normal\NORMAL-37503-6.jpeg,0
3852,OCT,noise,strong,DME-30521-33,DME-30521-33_Noise_strong.png,retinal diseases,C:\Users\hanna\Lectures\Research_Project\Codes\Dataset\vlm_prompt_dataset\pg_last\Benchmarks\OCT\Noise\strong\retinal diseases\DME-30521-33_Noise_strong.png,1,1,C:\Users\hanna\Lectures\Research_Project\Codes\Dataset\vlm_prompt_dataset\pg_last\Benchmarks\OCT\original images\retinal diseases\DME-30521-33.jpeg,1
4593,OCT,rotate,weak,NORMAL-9251-10,NORMAL-9251-10_Rotate_weak.png,normal,C:\Users\hanna\Lectures\Research_Project\Codes\Dataset\vlm_prompt_dataset\pg_last\Benchmarks\OCT\Rotate\weak\normal\NORMAL-9251-10_Rotate_weak.png,0,0,C:\Users\hanna\Lectures\Research_Project\Codes\Dataset\vlm_prompt_dataset\pg_last\Benchmarks\OCT\original images\normal\NORMAL-9251-10.jpeg,0
4093,OCT,noise,weak,DRUSEN-95633-1,DRUSEN-95633-1_Noise_weak.png,retinal diseases,C:\Users\hanna\Lectures\Research_Project\Codes\Dataset\vlm_prompt_dataset\pg_last\Benchmarks\OCT\Noise\weak\retinal diseases\DRUSEN-95633-1_Noise_weak.png,1,1,C:\Users\hanna\Lectures\Research_Project\Codes\Dataset\vlm_prompt_dataset\pg_last\Benchmarks\OCT\original images\retinal diseases\DRUSEN-95633-1.jpeg,1
3352,OCT,motion,strong,NORMAL-37503-6,NORMAL-37503-6_Motion_strong.png,normal,C:\Users\hanna\Lectures\Research_Project\Codes\Dataset\vlm_prompt_dataset\pg_last\Benchmarks\OCT\Motion\strong\normal\NORMAL-37503-6_Motion_strong.png,0,0,C:\Users\hanna\Lectures\Research_Project\Codes\Dataset\vlm_prompt_dataset\pg_last\Benchmarks\OCT\original images\normal\NORMAL-37503-6.jpeg,0
4652,OCT,rotate,weak,DME-30521-33,DME-30521-33_Rotate_weak.png,retinal diseases,C:\Users\hanna\Lectures\Research_Project\Codes\Dataset\vlm_prompt_dataset\pg_last\Benchmarks\OCT\Rotate\weak\retinal diseases\DME-30521-33_Rotate_weak.png,1,1,C:\Users\hanna\Lectures\Research_Project\Codes\Dataset\vlm_prompt_dataset\pg_last\Benchmarks\OCT\original images\retinal diseases\DME-30521-33.jpeg,1
2852,OCT,biasfield,weak,DME-30521-33,DME-30521-33_BiasField_weak.png,retinal diseases,C:\Users\hanna\Lectures\Research_Project\Codes\Dataset\vlm_prompt_dataset\pg_last\Benchmarks\OCT\BiasField\weak\retinal diseases\DME-30521-33_BiasField_weak.png,1,1,C:\Users\hanna\Lectures\Research_Project\Codes\Dataset\vlm_prompt_dataset\pg_last\Benchmarks\OCT\original images\retinal diseases\DME-30521-33.jpeg,1
3552,OCT,motion,weak,NORMAL-37503-6,NORMAL-37503-6_Motion_weak.png,normal,C:\Users\hanna\Lectures\Research_Project\Codes\Dataset\vlm_prompt_dataset\pg_last\Benchmarks\OCT\Motion\weak\normal\NORMAL-37503-6_Motion_weak.png,0,0,C:\Users\hanna\Lectures\Research_Project\Codes\Dataset\vlm_prompt_dataset\pg_last\Benchmarks\OCT\original images\normal\NORMAL-37503-6.jpeg,0
3252,OCT,crop,weak,DME-30521-33,DME-30521-33_Crop_weak.png,retinal diseases,C:\Users\hanna\Lectures\Research_Project\Codes\Dataset\vlm_prompt_dataset\pg_last\Benchmarks\OCT\Crop\weak\retinal diseases\DME-30521-33_Crop_weak.png,1,1,C:\Users\hanna\Lectures\Research_Project\Codes\Dataset\vlm_prompt_dataset\pg_last\Benchmarks\OCT\original images\retinal diseases\DME-30521-33.jpeg,1
2752,OCT,biasfield,weak,NORMAL-37503-6,NORMAL-37503-6_BiasField_weak.png,normal,C:\Users\hanna\Lectures\Research_Project\Codes\Dataset\vlm_prompt_dataset\pg_last\Benchmarks\OCT\BiasField\weak\normal\NORMAL-37503-6_BiasField_weak.png,0,0,C:\Users\hanna\Lectures\Research_Project\Codes\Dataset\vlm_prompt_dataset\pg_last\Benchmarks\OCT\original images\normal\NORMAL-37503-6.jpeg,0
3452,OCT,motion,strong,DME-30521-33,DME-30521-33_Motion_strong.png,retinal diseases,C:\Users\hanna\Lectures\Research_Project\Codes\Dataset\vlm_prompt_dataset\pg_last\Benchmarks\OCT\Motion\strong\retinal diseases\DME-30521-33_Motion_strong.png,1,1,C:\Users\hanna\Lectures\Research_Project\Codes\Dataset\vlm_prompt_dataset\pg_last\Benchmarks\OCT\original images\retinal diseases\DME-30521-33.jpeg,1
3752,OCT,noise,strong,NORMAL-37503-6,NORMAL-37503-6_Noise_strong.png,normal,C:\Users\hanna\Lectures\Research_Project\Codes\Dataset\vlm_prompt_dataset\pg_last\Benchmarks\OCT\Noise\strong\normal\NORMAL-37503-6_Noise_strong.png,0,0,C:\Users\hanna\Lectures\Research_Project\Codes\Dataset\vlm_prompt_dataset\pg_last\Benchmarks\OCT\original images\normal\NORMAL-37503-6.jpeg,0
2652,OCT,biasfield,strong,DME-30521-33,DME-30521-33_BiasField_strong.png,retinal diseases,C:\Users\hanna\Lectures\Research_Project\Codes\Dataset\vlm_prompt_dataset\pg_last\Benchmarks\OCT\BiasField\strong\retinal diseases\DME-30521-33_BiasField_strong.png,1,1,C:\Users\hanna\Lectures\Research_Project\Codes\Dataset\vlm_prompt_dataset\pg_last\Benchmarks\OCT\original images\retinal diseases\DME-30521-33.jpeg,1
3052,OCT,crop,strong,DME-30521-33,DME-30521-33_Crop_strong.png,retinal diseases,C:\Users\hanna\Lectures\Research_Project\Codes\Dataset\vlm_prompt_dataset\pg_last\Benchmarks\OCT\Crop\strong\retinal diseases\DME-30521-33_Crop_strong.png,1,1,C:\Users\hanna\Lectures\Research_Project\Codes\Dataset\vlm_prompt_dataset\pg_last\Benchmarks\OCT\original images\retinal diseases\DME-30521-33.jpeg,1
3652,OCT,motion,weak,DME-30521-33,DME-30521-33_Motion_weak.png,retinal diseases,C:\Users\hanna\Lectures\Research_Project\Codes\Dataset\vlm_prompt_dataset\pg_last\Benchmarks\OCT\Motion\weak\retinal diseases\DME-30521-33_Motion_weak.png,1,1,C:\Users\hanna\Lectures\Research_Project\Codes\Dataset\vlm_prompt_dataset\pg_last\Benchmarks\OCT\original images\retinal diseases\DME-30521-33.jpeg,1
3152,OCT,crop,weak,NORMAL-37503-6,NORMAL-37503-6_Crop_weak.png,normal,C:\Users\hanna\Lectures\Research_Project\Codes\Dataset\vlm_prompt_dataset\pg_last\Benchmarks\OCT\Crop\weak\normal\NORMAL-37503-6_Crop_weak.png,0,0,C:\Users\hanna\Lectures\Research_Project\Codes\Dataset\vlm_prompt_dataset\pg_last\Benchmarks\OCT\original images\normal\NORMAL-37503-6.jpeg,0
2893,OCT,biasfield,weak,DRUSEN-95633-1,DRUSEN-95633-1_BiasField_weak.png,retinal diseases,C:\Users\hanna\Lectures\Research_Project\Codes\Dataset\vlm_prompt_dataset\pg_last\Benchmarks\OCT\BiasField\weak\retinal diseases\DRUSEN-95633-1_BiasField_weak.png,1,1,C:\Users\hanna\Lectures\Research_Project\Codes\Dataset\vlm_prompt_dataset\pg_last\Benchmarks\OCT\original images\retinal diseases\DRUSEN-95633-1.jpeg,1
277,Retina,weak,weak,007-1013-000,007-1013-000.jpg,normal,C:\Users\hanna\Lectures\Research_Project\Codes\Dataset\vlm_prompt_dataset\pg_last\Benchmarks\Color fundus\weak_artefacts_dataset\normal\007-1013-000.jpg,0,0,C:\Users\hanna\Lectures\Research_Project\Codes\Dataset\vlm_prompt_dataset\pg_last\Benchmarks\Color fundus\higher_qual_dataset\diabetic retinopathy\007-5430-300.jpg,1
264,Retina,weak,weak,007-0549-000,007-0549-000.jpg,normal,C:\Users\hanna\Lectures\Research_Project\Codes\Dataset\vlm_prompt_dataset\pg_last\Benchmarks\Color fundus\weak_artefacts_dataset\normal\007-0549-000.jpg,0,0,C:\Users\hanna\Lectures\Research_Project\Codes\Dataset\vlm_prompt_dataset\pg_last\Benchmarks\Color fundus\higher_qual_dataset\diabetic retinopathy\007-5452-300.jpg,1
184,Retina,strong,strong,007-8016-601,007-8016-601.jpg,ungradable,C:\Users\hanna\Lectures\Research_Project\Codes\Dataset\vlm_prompt_dataset\pg_last\Benchmarks\Color fundus\strong_artefacts_dataset\007-8016-601.jpg,,,C:\Users\hanna\Lectures\Research_Project\Codes\Dataset\vlm_prompt_dataset\pg_last\Benchmarks\Color fundus\higher_qual_dataset\diabetic retinopathy\007-5481-300.jpg,1
296,Retina,weak,weak,007-2102-100,007-2102-100.jpg,normal,C:\Users\hanna\Lectures\Research_Project\Codes\Dataset\vlm_prompt_dataset\pg_last\Benchmarks\Color fundus\weak_artefacts_dataset\normal\007-2102-100.jpg,0,0,C:\Users\hanna\Lectures\Research_Project\Codes\Dataset\vlm_prompt_dataset\pg_last\Benchmarks\Color fundus\higher_qual_dataset\diabetic retinopathy\007-6422-400.jpg,1
214,Retina,weak,weak,007-2086-100,007-2086-100.jpg,diabetic retinopathy,C:\Users\hanna\Lectures\Research_Project\Codes\Dataset\vlm_prompt_dataset\pg_last\Benchmarks\Color fundus\weak_artefacts_dataset\diabetic retinopathy\007-2086-100.jpg,1,1,C:\Users\hanna\Lectures\Research_Project\Codes\Dataset\vlm_prompt_dataset\pg_last\Benchmarks\Color fundus\higher_qual_dataset\diabetic retinopathy\007-6456-400.jpg,1
246,Retina,weak,weak,007-6327-400,007-6327-400.jpg,diabetic retinopathy,C:\Users\hanna\Lectures\Research_Project\Codes\Dataset\vlm_prompt_dataset\pg_last\Benchmarks\Color fundus\weak_artefacts_dataset\diabetic retinopathy\007-6327-400.jpg,1,1,C:\Users\hanna\Lectures\Research_Project\Codes\Dataset\vlm_prompt_dataset\pg_last\Benchmarks\Color fundus\higher_qual_dataset\diabetic retinopathy\007-6458-400.jpg,1
123,Retina,strong,strong,007-7416-601,007-7416-601.jpg,ungradable,C:\Users\hanna\Lectures\Research_Project\Codes\Dataset\vlm_prompt_dataset\pg_last\Benchmarks\Color fundus\strong_artefacts_dataset\007-7416-601.jpg,,,C:\Users\hanna\Lectures\Research_Project\Codes\Dataset\vlm_prompt_dataset\pg_last\Benchmarks\Color fundus\higher_qual_dataset\diabetic retinopathy\007-6594-400.jpg,1
226,Retina,weak,weak,007-2490-100,007-2490-100.jpg,diabetic retinopathy,C:\Users\hanna\Lectures\Research_Project\Codes\Dataset\vlm_prompt_dataset\pg_last\Benchmarks\Color fundus\weak_artefacts_dataset\diabetic retinopathy\007-2490-100.jpg,1,1,C:\Users\hanna\Lectures\Research_Project\Codes\Dataset\vlm_prompt_dataset\pg_last\Benchmarks\Color fundus\higher_qual_dataset\diabetic retinopathy\007-6595-400.jpg,1
146,Retina,strong,strong,007-7615-601,007-7615-601.jpg,ungradable,C:\Users\hanna\Lectures\Research_Project\Codes\Dataset\vlm_prompt_dataset\pg_last\Benchmarks\Color fundus\strong_artefacts_dataset\007-7615-601.jpg,,,C:\Users\hanna\Lectures\Research_Project\Codes\Dataset\vlm_prompt_dataset\pg_last\Benchmarks\Color fundus\higher_qual_dataset\diabetic retinopathy\007-6611-400.jpg,1
140,Retina,strong,strong,007-7589-601,007-7589-601.jpg,ungradable,C:\Users\hanna\Lectures\Research_Project\Codes\Dataset\vlm_prompt_dataset\pg_last\Benchmarks\Color fundus\strong_artefacts_dataset\007-7589-601.jpg,,,C:\Users\hanna\Lectures\Research_Project\Codes\Dataset\vlm_prompt_dataset\pg_last\Benchmarks\Color fundus\higher_qual_dataset\diabetic retinopathy\007-6612-400.jpg,1
231,Retina,weak,weak,007-2536-100,007-2536-100.jpg,diabetic retinopathy,C:\Users\hanna\Lectures\Research_Project\Codes\Dataset\vlm_prompt_dataset\pg_last\Benchmarks\Color fundus\weak_artefacts_dataset\diabetic retinopathy\007-2536-100.jpg,1,1,C:\Users\hanna\Lectures\Research_Project\Codes\Dataset\vlm_prompt_dataset\pg_last\Benchmarks\Color fundus\higher_qual_dataset\diabetic retinopathy\007-6613-400.jpg,1
299,Retina,weak,weak,007-2416-100,007-2416-100.jpg,normal,C:\Users\hanna\Lectures\Research_Project\Codes\Dataset\vlm_prompt_dataset\pg_last\Benchmarks\Color fundus\weak_artefacts_dataset\normal\007-2416-100.jpg,0,0,C:\Users\hanna\Lectures\Research_Project\Codes\Dataset\vlm_prompt_dataset\pg_last\Benchmarks\Color fundus\higher_qual_dataset\diabetic retinopathy\007-6667-400.jpg,1
227,Retina,weak,weak,007-2502-100,007-2502-100.jpg,diabetic retinopathy,C:\Users\hanna\Lectures\Research_Project\Codes\Dataset\vlm_prompt_dataset\pg_last\Benchmarks\Color fundus\weak_artefacts_dataset\diabetic retinopathy\007-2502-100.jpg,1,1,C:\Users\hanna\Lectures\Research_Project\Codes\Dataset\vlm_prompt_dataset\pg_last\Benchmarks\Color fundus\higher_qual_dataset\diabetic retinopathy\007-6674-400.jpg,1
101,Retina,strong,strong,007-0124-000,007-0124-000.jpg,ungradable,C:\Users\hanna\Lectures\Research_Project\Codes\Dataset\vlm_prompt_dataset\pg_last\Benchmarks\Color fundus\strong_artefacts_dataset\007-0124-000.jpg,,,C:\Users\hanna\Lectures\Research_Project\Codes\Dataset\vlm_prompt_dataset\pg_last\Benchmarks\Color fundus\higher_qual_dataset\normal\007-0664-000.jpg,0
181,Retina,strong,strong,007-7981-601,007-7981-601.jpg,ungradable,C:\Users\hanna\Lectures\Research_Project\Codes\Dataset\vlm_prompt_dataset\pg_last\Benchmarks\Color fundus\strong_artefacts_dataset\007-7981-601.jpg,,,C:\Users\hanna\Lectures\Research_Project\Codes\Dataset\vlm_prompt_dataset\pg_last\Benchmarks\Color fundus\higher_qual_dataset\normal\007-0690-000.jpg,0
249,Retina,weak,weak,007-6439-400,007-6439-400.jpg,diabetic retinopathy,C:\Users\hanna\Lectures\Research_Project\Codes\Dataset\vlm_prompt_dataset\pg_last\Benchmarks\Color fundus\weak_artefacts_dataset\diabetic retinopathy\007-6439-400.jpg,1,1,C:\Users\hanna\Lectures\Research_Project\Codes\Dataset\vlm_prompt_dataset\pg_last\Benchmarks\Color fundus\higher_qual_dataset\normal\007-0691-000.jpg,0
111,Retina,strong,strong,007-7310-601,007-7310-601.jpg,ungradable,C:\Users\hanna\Lectures\Research_Project\Codes\Dataset\vlm_prompt_dataset\pg_last\Benchmarks\Color fundus\strong_artefacts_dataset\007-7310-601.jpg,,,C:\Users\hanna\Lectures\Research_Project\Codes\Dataset\vlm_prompt_dataset\pg_last\Benchmarks\Color fundus\higher_qual_dataset\normal\007-0695-000.jpg,0
290,Retina,weak,weak,007-1875-100,007-1875-100.jpg,normal,C:\Users\hanna\Lectures\Research_Project\Codes\Dataset\vlm_prompt_dataset\pg_last\Benchmarks\Color fundus\weak_artefacts_dataset\normal\007-1875-100.jpg,0,0,C:\Users\hanna\Lectures\Research_Project\Codes\Dataset\vlm_prompt_dataset\pg_last\Benchmarks\Color fundus\higher_qual_dataset\normal\007-0697-000.jpg,0
145,Retina,strong,strong,007-7606-601,007-7606-601.jpg,ungradable,C:\Users\hanna\Lectures\Research_Project\Codes\Dataset\vlm_prompt_dataset\pg_last\Benchmarks\Color fundus\strong_artefacts_dataset\007-7606-601.jpg,,,C:\Users\hanna\Lectures\Research_Project\Codes\Dataset\vlm_prompt_dataset\pg_last\Benchmarks\Color fundus\higher_qual_dataset\normal\007-0702-000.jpg,0
218,Retina,weak,weak,007-2213-100,007-2213-100.jpg,diabetic retinopathy,C:\Users\hanna\Lectures\Research_Project\Codes\Dataset\vlm_prompt_dataset\pg_last\Benchmarks\Color fundus\weak_artefacts_dataset\diabetic retinopathy\007-2213-100.jpg,1,1,C:\Users\hanna\Lectures\Research_Project\Codes\Dataset\vlm_prompt_dataset\pg_last\Benchmarks\Color fundus\higher_qual_dataset\normal\007-0704-000.jpg,0
268,Retina,weak,weak,007-0736-000,007-0736-000.jpg,normal,C:\Users\hanna\Lectures\Research_Project\Codes\Dataset\vlm_prompt_dataset\pg_last\Benchmarks\Color fundus\weak_artefacts_dataset\normal\007-0736-000.jpg,0,0,C:\Users\hanna\Lectures\Research_Project\Codes\Dataset\vlm_prompt_dataset\pg_last\Benchmarks\Color fundus\higher_qual_dataset\normal\007-0724-000.jpg,0
154,Retina,strong,strong,007-7732-601,007-7732-601.jpg,ungradable,C:\Users\hanna\Lectures\Research_Project\Codes\Dataset\vlm_prompt_dataset\pg_last\Benchmarks\Color fundus\strong_artefacts_dataset\007-7732-601.jpg,,,C:\Users\hanna\Lectures\Research_Project\Codes\Dataset\vlm_prompt_dataset\pg_last\Benchmarks\Color fundus\higher_qual_dataset\normal\007-0729-000.jpg,0
281,Retina,weak,weak,007-1136-000,007-1136-000.jpg,normal,C:\Users\hanna\Lectures\Research_Project\Codes\Dataset\vlm_prompt_dataset\pg_last\Benchmarks\Color fundus\weak_artefacts_dataset\normal\007-1136-000.jpg,0,0,C:\Users\hanna\Lectures\Research_Project\Codes\Dataset\vlm_prompt_dataset\pg_last\Benchmarks\Color fundus\higher_qual_dataset\normal\007-0732-000.jpg,0
240,Retina,weak,weak,007-4381-200,007-4381-200.jpg,diabetic retinopathy,C:\Users\hanna\Lectures\Research_Project\Codes\Dataset\vlm_prompt_dataset\pg_last\Benchmarks\Color fundus\weak_artefacts_dataset\diabetic retinopathy\007-4381-200.jpg,1,1,C:\Users\hanna\Lectures\Research_Project\Codes\Dataset\vlm_prompt_dataset\pg_last\Benchmarks\Color fundus\higher_qual_dataset\normal\007-0774-000.jpg,0
171,Retina,strong,strong,007-7899-601,007-7899-601.jpg,ungradable,C:\Users\hanna\Lectures\Research_Project\Codes\Dataset\vlm_prompt_dataset\pg_last\Benchmarks\Color fundus\strong_artefacts_dataset\007-7899-601.jpg,,,C:\Users\hanna\Lectures\Research_Project\Codes\Dataset\vlm_prompt_dataset\pg_last\Benchmarks\Color fundus\higher_qual_dataset\normal\007-0780-000.jpg,0
5093,Xray,biasfield,weak,84,84_BiasField_weak.png,Normal,C:\Users\hanna\Lectures\Research_Project\Codes\Dataset\vlm_prompt_dataset\pg_last\Benchmarks\X-ray\BiasField\weak\Normal\84_BiasField_weak.png,0,0,C:\Users\hanna\Lectures\Research_Project\Codes\Dataset\vlm_prompt_dataset\pg_last\Benchmarks\X-ray\original images\Normal\84.jpeg,0
6552,Xray,rotate,strong,186,186_Rotate_strong.png,lung diseases,C:\Users\hanna\Lectures\Research_Project\Codes\Dataset\vlm_prompt_dataset\pg_last\Benchmarks\X-ray\Rotate\strong\lung diseases\186_Rotate_strong.png,1,1,C:\Users\hanna\Lectures\Research_Project\Codes\Dataset\vlm_prompt_dataset\pg_last\Benchmarks\X-ray\original images\lung diseases\186.jpeg,1
5952,Xray,noise,strong,186,186_Noise_strong.png,lung diseases,C:\Users\hanna\Lectures\Research_Project\Codes\Dataset\vlm_prompt_dataset\pg_last\Benchmarks\X-ray\Noise\strong\lung diseases\186_Noise_strong.png,1,1,C:\Users\hanna\Lectures\Research_Project\Codes\Dataset\vlm_prompt_dataset\pg_last\Benchmarks\X-ray\original images\lung diseases\186.jpeg,1
5052,Xray,biasfield,weak,187,187_BiasField_weak.png,Normal,C:\Users\hanna\Lectures\Research_Project\Codes\Dataset\vlm_prompt_dataset\pg_last\Benchmarks\X-ray\BiasField\weak\Normal\187_BiasField_weak.png,0,0,C:\Users\hanna\Lectures\Research_Project\Codes\Dataset\vlm_prompt_dataset\pg_last\Benchmarks\X-ray\original images\Normal\187.jpeg,0
6652,Xray,rotate,strong,187,187_Rotate_strong.png,Normal,C:\Users\hanna\Lectures\Research_Project\Codes\Dataset\vlm_prompt_dataset\pg_last\Benchmarks\X-ray\Rotate\strong\Normal\187_Rotate_strong.png,0,0,C:\Users\hanna\Lectures\Research_Project\Codes\Dataset\vlm_prompt_dataset\pg_last\Benchmarks\X-ray\original images\Normal\187.jpeg,0
5552,Xray,motion,strong,186,186_Motion_strong.png,lung diseases,C:\Users\hanna\Lectures\Research_Project\Codes\Dataset\vlm_prompt_dataset\pg_last\Benchmarks\X-ray\Motion\strong\lung diseases\186_Motion_strong.png,1,1,C:\Users\hanna\Lectures\Research_Project\Codes\Dataset\vlm_prompt_dataset\pg_last\Benchmarks\X-ray\original images\lung diseases\186.jpeg,1
5152,Xray,crop,strong,186,186_Crop_strong.png,lung diseases,C:\Users\hanna\Lectures\Research_Project\Codes\Dataset\vlm_prompt_dataset\pg_last\Benchmarks\X-ray\Crop\strong\lung diseases\186_Crop_strong.png,1,1,C:\Users\hanna\Lectures\Research_Project\Codes\Dataset\vlm_prompt_dataset\pg_last\Benchmarks\X-ray\original images\lung diseases\186.jpeg,1
5652,Xray,motion,strong,187,187_Motion_strong.png,Normal,C:\Users\hanna\Lectures\Research_Project\Codes\Dataset\vlm_prompt_dataset\pg_last\Benchmarks\X-ray\Motion\strong\Normal\187_Motion_strong.png,0,0,C:\Users\hanna\Lectures\Research_Project\Codes\Dataset\vlm_prompt_dataset\pg_last\Benchmarks\X-ray\original images\Normal\187.jpeg,0
6252,Xray,noise,weak,187,187_Noise_weak.png,Normal,C:\Users\hanna\Lectures\Research_Project\Codes\Dataset\vlm_prompt_dataset\pg_last\Benchmarks\X-ray\Noise\weak\Normal\187_Noise_weak.png,0,0,C:\Users\hanna\Lectures\Research_Project\Codes\Dataset\vlm_prompt_dataset\pg_last\Benchmarks\X-ray\original images\Normal\187.jpeg,0
6193,Xray,noise,weak,82,82_Noise_weak.png,lung diseases,C:\Users\hanna\Lectures\Research_Project\Codes\Dataset\vlm_prompt_dataset\pg_last\Benchmarks\X-ray\Noise\weak\lung diseases\82_Noise_weak.png,1,1,C:\Users\hanna\Lectures\Research_Project\Codes\Dataset\vlm_prompt_dataset\pg_last\Benchmarks\X-ray\original images\lung diseases\82.jpeg,1
5352,Xray,crop,weak,186,186_Crop_weak.png,lung diseases,C:\Users\hanna\Lectures\Research_Project\Codes\Dataset\vlm_prompt_dataset\pg_last\Benchmarks\X-ray\Crop\weak\lung diseases\186_Crop_weak.png,1,1,C:\Users\hanna\Lectures\Research_Project\Codes\Dataset\vlm_prompt_dataset\pg_last\Benchmarks\X-ray\original images\lung diseases\186.jpeg,1
4993,Xray,biasfield,weak,82,82_BiasField_weak.png,lung diseases,C:\Users\hanna\Lectures\Research_Project\Codes\Dataset\vlm_prompt_dataset\pg_last\Benchmarks\X-ray\BiasField\weak\lung diseases\82_BiasField_weak.png,1,1,C:\Users\hanna\Lectures\Research_Project\Codes\Dataset\vlm_prompt_dataset\pg_last\Benchmarks\X-ray\original images\lung diseases\82.jpeg,1
5452,Xray,crop,weak,187,187_Crop_weak.png,Normal,C:\Users\hanna\Lectures\Research_Project\Codes\Dataset\vlm_prompt_dataset\pg_last\Benchmarks\X-ray\Crop\weak\Normal\187_Crop_weak.png,0,0,C:\Users\hanna\Lectures\Research_Project\Codes\Dataset\vlm_prompt_dataset\pg_last\Benchmarks\X-ray\original images\Normal\187.jpeg,0
5252,Xray,crop,strong,187,187_Crop_strong.png,Normal,C:\Users\hanna\Lectures\Research_Project\Codes\Dataset\vlm_prompt_dataset\pg_last\Benchmarks\X-ray\Crop\strong\Normal\187_Crop_strong.png,0,0,C:\Users\hanna\Lectures\Research_Project\Codes\Dataset\vlm_prompt_dataset\pg_last\Benchmarks\X-ray\original images\Normal\187.jpeg,0
4752,Xray,biasfield,strong,186,186_BiasField_strong.png,lung diseases,C:\Users\hanna\Lectures\Research_Project\Codes\Dataset\vlm_prompt_dataset\pg_last\Benchmarks\X-ray\BiasField\strong\lung diseases\186_BiasField_strong.png,1,1,C:\Users\hanna\Lectures\Research_Project\Codes\Dataset\vlm_prompt_dataset\pg_last\Benchmarks\X-ray\original images\lung diseases\186.jpeg,1
5852,Xray,motion,weak,187,187_Motion_weak.png,Normal,C:\Users\hanna\Lectures\Research_Project\Codes\Dataset\vlm_prompt_dataset\pg_last\Benchmarks\X-ray\Motion\weak\Normal\187_Motion_weak.png,0,0,C:\Users\hanna\Lectures\Research_Project\Codes\Dataset\vlm_prompt_dataset\pg_last\Benchmarks\X-ray\original images\Normal\187.jpeg,0
5493,Xray,crop,weak,84,84_Crop_weak.png,Normal,C:\Users\hanna\Lectures\Research_Project\Codes\Dataset\vlm_prompt_dataset\pg_last\Benchmarks\X-ray\Crop\weak\Normal\84_Crop_weak.png,0,0,C:\Users\hanna\Lectures\Research_Project\Codes\Dataset\vlm_prompt_dataset\pg_last\Benchmarks\X-ray\original images\Normal\84.jpeg,0
6152,Xray,noise,weak,186,186_Noise_weak.png,lung diseases,C:\Users\hanna\Lectures\Research_Project\Codes\Dataset\vlm_prompt_dataset\pg_last\Benchmarks\X-ray\Noise\weak\lung diseases\186_Noise_weak.png,1,1,C:\Users\hanna\Lectures\Research_Project\Codes\Dataset\vlm_prompt_dataset\pg_last\Benchmarks\X-ray\original images\lung diseases\186.jpeg,1
5752,Xray,motion,weak,186,186_Motion_weak.png,lung diseases,C:\Users\hanna\Lectures\Research_Project\Codes\Dataset\vlm_prompt_dataset\pg_last\Benchmarks\X-ray\Motion\weak\lung diseases\186_Motion_weak.png,1,1,C:\Users\hanna\Lectures\Research_Project\Codes\Dataset\vlm_prompt_dataset\pg_last\Benchmarks\X-ray\original images\lung diseases\186.jpeg,1
6752,Xray,rotate,weak,186,186_Rotate_weak.png,lung diseases,C:\Users\hanna\Lectures\Research_Project\Codes\Dataset\vlm_prompt_dataset\pg_last\Benchmarks\X-ray\Rotate\weak\lung diseases\186_Rotate_weak.png,1,1,C:\Users\hanna\Lectures\Research_Project\Codes\Dataset\vlm_prompt_dataset\pg_last\Benchmarks\X-ray\original images\lung diseases\186.jpeg,1
4952,Xray,biasfield,weak,186,186_BiasField_weak.png,lung diseases,C:\Users\hanna\Lectures\Research_Project\Codes\Dataset\vlm_prompt_dataset\pg_last\Benchmarks\X-ray\BiasField\weak\lung diseases\186_BiasField_weak.png,1,1,C:\Users\hanna\Lectures\Research_Project\Codes\Dataset\vlm_prompt_dataset\pg_last\Benchmarks\X-ray\original images\lung diseases\186.jpeg,1
6052,Xray,noise,strong,187,187_Noise_strong.png,Normal,C:\Users\hanna\Lectures\Research_Project\Codes\Dataset\vlm_prompt_dataset\pg_last\Benchmarks\X-ray\Noise\strong\Normal\187_Noise_strong.png,0,0,C:\Users\hanna\Lectures\Research_Project\Codes\Dataset\vlm_prompt_dataset\pg_last\Benchmarks\X-ray\original images\Normal\187.jpeg,0
5393,Xray,crop,weak,82,82_Crop_weak.png,lung diseases,C:\Users\hanna\Lectures\Research_Project\Codes\Dataset\vlm_prompt_dataset\pg_last\Benchmarks\X-ray\Crop\weak\lung diseases\82_Crop_weak.png,1,1,C:\Users\hanna\Lectures\Research_Project\Codes\Dataset\vlm_prompt_dataset\pg_last\Benchmarks\X-ray\original images\lung diseases\82.jpeg,1
4852,Xray,biasfield,strong,187,187_BiasField_strong.png,Normal,C:\Users\hanna\Lectures\Research_Project\Codes\Dataset\vlm_prompt_dataset\pg_last\Benchmarks\X-ray\BiasField\strong\Normal\187_BiasField_strong.png,0,0,C:\Users\hanna\Lectures\Research_Project\Codes\Dataset\vlm_prompt_dataset\pg_last\Benchmarks\X-ray\original images\Normal\187.jpeg,0
6852,Xray,rotate,weak,187,187_Rotate_weak.png,Normal,C:\Users\hanna\Lectures\Research_Project\Codes\Dataset\vlm_prompt_dataset\pg_last\Benchmarks\X-ray\Rotate\weak\Normal\187_Rotate_weak.png,0,0,C:\Users\hanna\Lectures\Research_Project\Codes\Dataset\vlm_prompt_dataset\pg_last\Benchmarks\X-ray\original images\Normal\187.jpeg,0
